{
  "extra_imp": {
    "AT": 3531.9012503207728,
    "BE": 15635.888220752875,
    "BG": 1814.808842313408,
    "CY": 392.0110035985634,
    "CZ": 5105.080345180238,
    "DE": 38860.73342919841,
    "DK": 3173.377672847287,
    "EE": 418.8098709670931,
    "EL": 3664.682034205152,
    "ES": 15875.669981400017,
    "FI": 1781.0639394025375,
    "FR": 21455.532308952537,
    "HR": 823.5762301029791,
    "HU": 3591.0095645941124,
    "IE": 6801.067380716161,
    "IT": 20108.5627906741,
    "LT": 1118.4631830795531,
    "LU": 163.808510217071,
    "LV": 359.31497862300506,
    "MT": 270.39813642573927,
    "NL": 36325.44494125628,
    "PL": 10125.128654152244,
    "PT": 2158.6839534869914,
    "RO": 3179.0783576584936,
    "SE": 4683.254173640761,
    "SI": 3530.8821321445157,
    "SK": 1800.2185426460585
  },
  "extra_exp": {
    "AT": 5148.871799630257,
    "BE": 13456.977100369028,
    "BG": 1292.592380448942,
    "CY": 338.03057861328125,
    "CZ": 3741.473910513007,
    "DE": 60415.59534301369,
    "DK": 4724.144528893001,
    "EE": 415.89377444695407,
    "EL": 1868.9701424623881,
    "ES": 12012.057398344637,
    "FI": 2778.9328243045575,
    "FR": 22416.88948386856,
    "HR": 698.332620171023,
    "HU": 2799.221459401201,
    "IE": 12503.459994072196,
    "IT": 24114.074663634685,
    "LT": 1100.215664937716,
    "LU": 259.35052025740936,
    "LV": 663.6195312091957,
    "MT": 130.3380598166781,
    "NL": 21377.65234924598,
    "PL": 7526.808193177003,
    "PT": 1870.317643310604,
    "RO": 2396.4869117875996,
    "SE": 6868.3462392863385,
    "SI": 2525.265804478591,
    "SK": 1904.8408598049539
  },
  "intra_exp": {
    "AT": 11420.807125034196,
    "BE": 28864.30290289725,
    "BG": 2343.182208688157,
    "CY": 91.8368807979592,
    "CZ": 15444.344004375731,
    "DE": 69556.33780779668,
    "DK": 5963.71787979126,
    "EE": 1086.134569532627,
    "EL": 2422.073842662545,
    "ES": 19847.93143549859,
    "FI": 3568.8594393830267,
    "FR": 26368.94049047426,
    "HR": 1220.667100179478,
    "HU": 9246.003903105833,
    "IE": 7297.226051661696,
    "IT": 34238.4919436009,
    "LT": 2186.4815706567524,
    "LU": 992.2069546187364,
    "LV": 1121.364998582954,
    "MT": 154.2270064657315,
    "NL": 49198.904867131474,
    "PL": 21038.585430725023,
    "PT": 4597.738890097543,
    "RO": 5431.722370224342,
    "SE": 8171.098883956814,
    "SI": 3391.714829358851,
    "SK": 6775.277374652814
  }
}